rmse,params,iteration,train_time
1.6541096798008634,"{'batch_size': 30, 'n_epochs': 21, 'n_hidden': 328, 'n_lags': 51}",1,46.13969133006531
1.9067745008414836,"{'batch_size': 35, 'n_epochs': 67, 'n_hidden': 295, 'n_lags': 77}",2,109.12414359377127
1.7923774638927539,"{'batch_size': 57, 'n_epochs': 40, 'n_hidden': 329, 'n_lags': 73}",3,103.33366653204843
1.8342695618494775,"{'batch_size': 62, 'n_epochs': 75, 'n_hidden': 400, 'n_lags': 77}",4,336.29169241891117
2.066424420003344,"{'batch_size': 44, 'n_epochs': 60, 'n_hidden': 223, 'n_lags': 49}",5,52.65007575064544
1.8017670081002954,"{'batch_size': 54, 'n_epochs': 43, 'n_hidden': 315, 'n_lags': 47}",6,58.060972241125796
1.7449589336227112,"{'batch_size': 60, 'n_epochs': 20, 'n_hidden': 269, 'n_lags': 58}",7,40.92959094651485
