rmse,params,iteration,train_time
0.32817089557647705,"{'batch_size': 35, 'lr': 0.7987554396433328, 'n_epochs': 124, 'n_hidden': 177, 'n_lags': 8}",1,1114.2107182493517
0.32817089557647705,"{'batch_size': 10, 'lr': 0.8977985083293974, 'n_epochs': 105, 'n_hidden': 138, 'n_lags': 7}",2,1123.934666186504
0.32817089557647705,"{'batch_size': 26, 'lr': 0.5992628908274243, 'n_epochs': 179, 'n_hidden': 295, 'n_lags': 6}",3,3538.4190629062255
0.32760298252105713,"{'batch_size': 83, 'lr': 0.7347147929119346, 'n_epochs': 101, 'n_hidden': 24, 'n_lags': 4}",4,44.38167090379011
